	Sustained Angiogenesis	Tumor-Promoting Inflammation	Genome Instability	Sustaining Proliferative Signaling	Evading Immune Destruction	Replicative immortality	Resisting Cell Death	Other	Evading Growth Suppressors	Reprogramming Energy Metabolism	Tissue Invasion and Metastasis
IL17A	0	1	0	1	1	0	0	1	0	0	0
FASLG	0	0	1	1	0	0	1	1	0	0	1
SPRY2	0	0	0	0	0	0	0	1	0	0	1
PVRL1	0	0	0	0	0	0	0	1	0	0	0
RXRG	0	0	0	0	0	0	0	1	0	0	0
DROSHA	0	0	0	0	0	0	0	1	0	0	0
FZD4	0	0	0	0	0	0	0	1	0	0	0
PRKG1	0	1	0	0	0	0	1	1	0	0	1
PLA2G4A	0	0	0	0	0	0	0	1	0	0	0
DOK6	0	0	0	0	0	0	0	0	0	0	1
DNER	0	0	0	0	0	0	0	1	0	0	0
BRCA1	0	0	1	1	0	0	0	1	0	0	0
PTP4A3	0	0	0	0	0	0	0	1	0	0	0
BAX	0	0	1	0	0	0	1	1	0	0	1
YWHAQ	0	0	0	1	0	0	1	1	1	0	1
PSAP/SFTPA1	0	1	0	0	0	0	0	0	0	0	0
BCL2A1	0	0	0	0	0	0	1	0	0	0	0
FANCG	0	0	1	0	0	0	0	0	0	0	0
OCLN	0	0	0	0	0	0	0	1	0	0	0
UNC5A	0	0	0	0	0	0	1	0	0	0	1
TRIM28	0	0	0	0	0	0	1	1	0	0	0
HUS1	0	0	1	0	0	0	0	1	1	0	0
HUWE1	0	0	0	0	0	0	0	1	0	0	0
TP73/TP73-AS1	0	0	0	0	0	0	1	0	0	0	0
PLD2	0	0	0	1	0	0	1	1	0	0	1
FANCC	0	0	1	0	0	0	0	0	0	0	0
KDR	1	0	0	1	0	0	0	1	0	0	1
PTPRE	0	0	0	1	0	0	1	1	1	0	0
EP300	0	0	0	1	0	0	0	1	1	0	0
OAZ1	0	0	0	0	0	0	0	1	0	0	0
ADCY6	0	0	0	0	0	0	0	1	0	0	0
SHBG	0	0	0	0	0	0	0	1	0	0	0
CD80	0	0	0	0	1	0	1	1	0	0	1
SHC1	1	0	0	1	1	0	1	1	1	0	1
ZBTB17	0	0	0	1	0	0	0	0	1	0	0
MATK	0	0	0	0	0	0	0	0	0	0	1
TNFAIP3	0	0	0	0	0	0	0	1	0	0	0
SOCS3	0	0	0	1	1	0	1	1	1	0	1
PLD1	0	0	0	1	0	0	1	1	0	0	1
TACC1	0	0	0	1	0	0	0	0	0	0	0
EDNRA	0	0	0	0	0	0	0	1	0	0	0
HLX	0	0	0	0	0	0	0	1	0	0	0
CSF2RA	0	0	0	1	0	0	1	0	0	0	0
FMN1	0	0	0	0	0	0	1	1	0	0	1
PPARG	0	0	0	0	0	0	0	1	0	0	0
IL4R	0	0	0	1	1	0	0	1	0	0	0
CRTC2	0	0	0	0	0	0	0	1	0	0	0
TUBG1	0	0	0	1	0	0	0	0	0	0	0
MYLPF	0	0	0	0	0	0	0	0	0	0	1
NRG1	0	0	0	1	0	0	1	1	0	0	1
GPC1	0	0	0	1	0	0	0	1	0	0	0
CSF1	0	0	0	0	0	0	0	1	0	0	0
STAT5B	0	0	0	0	0	0	0	1	0	0	0
VCL	0	0	0	0	0	0	0	0	0	0	1
DYNLRB1	0	0	0	0	0	0	0	1	0	0	0
GNAQ	1	1	0	0	0	0	0	1	1	0	1
PIP5K1B	0	0	0	0	0	0	0	1	0	0	1
GPR124	0	0	0	0	0	0	0	0	0	0	1
MMP9	0	0	0	0	0	0	0	1	0	0	1
ARHGEF28/RGNEF	0	0	0	0	0	0	0	0	0	0	1
ITGB5	0	0	0	1	0	0	0	0	0	0	1
F11R	1	0	0	1	0	0	1	0	0	0	1
UBQLN1	0	0	0	0	1	0	0	0	0	0	0
PLK4	0	0	0	0	0	0	0	1	0	0	0
RASSF5	0	0	0	0	0	0	0	1	0	0	0
ZFYVE9	0	0	0	0	0	0	0	1	0	0	0
CLSPN	0	0	1	0	0	0	0	1	0	0	0
HMX3/PELP1	1	0	0	1	0	0	1	1	0	0	1
PIK3R1	1	1	0	1	1	0	1	1	1	0	1
ARHGDIA	1	1	0	0	0	0	1	1	0	0	1
LHCGR	0	0	0	0	0	0	0	0	1	0	0
RAB11A	0	0	0	0	0	0	0	1	0	0	1
RND2	0	0	0	0	0	0	0	1	0	0	1
RAN	0	0	0	0	0	0	0	1	0	0	0
RFC2	0	0	1	0	0	0	0	1	1	0	0
ITGAE	0	0	0	0	0	0	0	1	0	0	1
BCL10	0	0	0	0	0	0	0	1	0	0	0
SHF	0	0	0	1	0	0	0	0	0	0	0
KALRN	0	0	0	0	0	0	0	0	0	0	1
SMAD7	0	0	0	0	0	0	0	1	0	0	0
NGFRAP1	0	0	0	0	0	0	1	0	0	0	0
MTOR	0	0	0	1	0	0	1	1	1	0	1
DVL1	0	0	0	0	0	0	0	1	0	0	1
S1PR4	0	0	0	0	0	0	0	0	0	0	1
RIT2	0	0	0	0	0	0	1	0	0	0	1
NTRK3	0	0	0	0	0	0	0	1	0	0	1
CAPN2	0	0	0	0	0	0	0	0	0	0	1
LMO4	0	0	0	1	0	0	1	1	1	0	0
RHOG	0	0	0	0	0	0	0	1	0	0	1
POLM	0	0	1	0	0	0	0	1	0	0	0
JAK1	0	0	0	1	1	0	1	1	1	0	1
ARAP3	0	0	0	0	0	0	0	0	0	0	1
RIT1	0	0	0	0	0	0	1	0	0	0	1
LIMS1	0	0	0	0	0	0	1	0	0	0	1
SGOL1	0	0	0	1	0	0	0	0	0	0	0
CDCA8	0	0	0	1	0	0	0	1	0	0	0
MYC	0	0	0	1	0	0	0	1	1	0	1
DDIT4	0	0	0	0	0	0	0	1	0	0	0
FANCB	0	0	1	0	0	0	0	0	0	0	0
ATF3	0	0	0	0	0	0	0	0	1	0	0
CD79A	0	0	0	1	0	0	1	1	0	0	0
ANTXR2	0	1	0	0	0	0	1	1	0	0	0
TP53	0	0	1	1	0	0	1	1	0	0	0
MDM2	0	0	0	0	0	0	1	1	0	0	0
IL12RB2	0	0	0	1	1	0	1	1	0	0	0
UNC5B	0	0	0	0	0	0	1	0	0	0	1
PTP4A1	0	0	0	1	0	0	0	1	0	0	0
SMURF2	0	0	0	0	0	0	0	1	0	0	0
MS4A2	0	0	0	0	0	0	0	1	0	0	1
RTN4	0	0	0	0	0	0	1	0	0	0	1
RAB3GAP2	0	0	0	0	0	0	0	1	0	0	0
SLC9A1	0	0	0	0	0	0	0	0	0	0	1
MEF2D	0	0	0	0	0	0	1	0	0	0	0
ABCC1	0	0	0	0	1	0	0	1	1	0	0
B2M	0	0	0	0	1	0	1	1	0	0	0
RGS19	0	0	0	0	0	0	0	1	0	0	1
CHP/CHP1	0	0	0	0	0	0	0	1	0	0	0
PIK3R6	0	0	0	0	0	0	0	1	0	0	1
TLR4	0	1	0	0	0	0	1	1	0	0	1
GDF2	0	0	0	1	0	0	0	0	0	0	1
ADRBK1	0	1	0	0	1	0	0	1	0	0	1
RAC1	0	0	0	1	1	0	1	1	1	0	1
CASP6	0	0	0	0	0	0	1	1	0	0	0
RAD51	0	0	1	0	0	0	0	1	0	0	0
RAD17	0	0	1	0	0	0	0	1	1	0	0
HDAC1	0	0	0	0	0	0	0	1	1	0	0
BSG	0	0	0	0	0	0	0	0	0	0	1
IGF1R	1	0	0	0	0	0	1	1	0	0	0
BMPR2	0	0	0	1	0	0	0	0	0	0	1
RUVBL2	0	0	0	0	0	0	0	1	0	0	0
UBE2D1	0	0	0	0	0	0	0	1	0	0	0
GRK5	0	0	0	0	0	0	1	1	0	0	0
MAP3K12	0	0	0	0	0	0	0	1	0	0	0
PNKP	0	0	1	0	0	0	0	1	0	0	0
LYN	1	0	0	1	1	0	1	1	0	0	1
CTTN	0	0	0	0	0	0	0	1	0	0	1
SGMS1	0	0	0	1	0	0	0	0	0	0	1
FGF2	1	0	0	1	0	0	1	1	0	0	1
SH2B2	0	0	0	0	0	0	0	0	0	0	1
RUSC1/RUSC1-AS1	0	0	0	0	0	0	0	0	0	0	1
RAC2	0	0	0	0	0	0	0	0	0	0	1
ARHGAP35	0	0	0	0	1	0	0	0	0	0	1
TOPBP1	0	0	1	0	0	0	0	1	1	0	0
IKBKB	0	0	0	0	0	0	0	1	0	0	0
FURIN	0	0	0	1	0	0	1	1	1	0	1
MAPK8	0	0	0	1	0	0	1	1	0	0	1
KLK4	0	0	0	0	0	0	0	0	0	0	1
PRKACG	0	0	0	0	0	0	1	0	0	0	0
CCNB1	0	0	0	1	0	0	0	1	0	0	0
CDC25B	0	0	0	1	0	0	0	1	0	0	0
HHAT	0	0	0	0	1	0	0	1	0	0	0
UBE2D3	0	0	0	0	0	0	0	1	0	0	0
SIK2	0	0	0	0	0	0	0	1	0	0	0
LIMK2	0	0	0	0	0	0	0	0	0	0	1
CCNH	0	0	0	0	0	0	0	1	0	0	0
DKK1	0	0	0	0	0	0	0	1	0	0	0
SDC2	1	0	0	0	0	0	0	1	0	0	1
FOXO4	0	0	0	0	0	0	1	0	1	0	0
NOS2	0	0	0	1	1	0	1	1	0	0	1
POLL	0	0	1	0	0	0	0	1	0	0	0
SPHK2	0	0	0	1	1	0	1	1	1	0	0
NUDT16L1	0	0	0	0	0	0	0	1	0	0	0
CYTH1	0	0	0	0	0	0	0	0	0	0	1
CTNND1	0	0	0	1	0	0	1	1	0	0	1
RPA2	0	0	1	0	0	0	0	1	1	0	0
CDC42	0	0	0	1	0	0	1	1	0	0	1
NOS3	1	1	0	0	0	0	1	1	0	0	1
YES1	1	0	0	0	1	0	1	1	0	0	1
ITGA1	0	0	0	0	0	0	0	0	0	0	1
ADRB2	0	0	0	0	0	0	0	0	1	0	0
GLI3	0	0	0	0	0	0	0	1	0	0	0
CYBB	0	0	0	0	0	0	0	1	0	0	0
SAP18	0	0	0	0	0	0	0	1	1	0	0
CYTH2	0	0	0	0	0	0	0	1	1	0	1
PLAU	0	1	0	1	0	0	0	0	0	0	1
SHB	0	0	0	0	0	0	0	0	0	0	1
KIF3A	0	0	0	0	0	0	0	1	0	0	0
FGF1	0	0	0	0	0	0	1	0	0	0	0
NCKAP1	0	0	0	0	0	0	0	1	0	0	1
UBTF	0	0	0	0	0	0	0	1	0	0	0
IL6R	0	0	0	1	0	0	1	1	1	0	0
STK11	0	0	0	0	0	0	1	1	0	0	1
RBBP4	0	0	0	0	0	0	0	1	1	0	0
FANCD2	0	0	1	0	0	0	0	1	0	0	0
IL23A	0	1	0	1	0	0	0	1	0	0	0
ENG	1	0	0	1	0	0	0	0	0	0	1
ABI2	0	0	0	0	0	0	0	0	0	0	1
IL27RA	0	1	0	1	1	0	0	1	0	0	0
BIN1	0	0	0	0	1	0	0	0	0	0	0
GNB5	0	1	0	0	0	0	0	1	0	0	1
ELK1	0	0	0	1	0	0	1	0	0	0	0
PTGDR	0	1	0	0	0	0	0	1	0	0	1
LRP1	0	0	0	1	0	0	0	0	0	0	1
CHEK1	0	0	1	1	0	0	1	1	0	0	0
JAK2	0	1	0	1	1	0	1	1	1	0	1
ARPC3	0	0	0	0	0	0	0	1	0	0	1
SKP2	0	0	0	0	0	0	0	1	0	0	0
TNIK	0	0	0	0	0	0	0	1	0	0	0
CSTF1	0	0	0	0	0	0	0	1	0	0	0
POU5F1	0	0	0	0	0	0	0	1	0	0	0
PTHLH	0	0	0	0	0	0	0	1	0	0	0
MLST8	0	0	0	0	0	0	1	1	1	0	1
FZD7	0	0	0	0	0	0	0	1	0	0	0
CDKN1A	0	0	0	0	0	0	1	1	1	0	0
PDGFRB	0	0	0	0	1	0	0	1	1	0	1
CDC20	0	0	0	0	0	0	0	1	0	0	0
ARFGAP1	0	0	0	0	0	0	0	1	0	0	0
HSP90AB1	1	0	0	0	0	0	0	0	0	0	0
RAPGEF1	0	0	0	0	0	0	0	1	0	0	1
SMAD4	0	0	0	0	0	0	0	1	1	0	0
PRKCZ	0	0	0	1	0	0	1	1	1	0	1
DNAJA1	0	0	0	1	0	0	0	0	0	0	0
BAG4	0	0	0	1	0	0	1	1	1	0	0
CRADD	0	0	1	1	0	0	1	1	1	0	1
VEGFC	1	0	0	1	0	0	1	1	0	0	0
FZD6	0	0	0	0	0	0	0	1	0	0	0
PDE3B	0	0	0	0	0	0	0	1	0	0	0
EIF4EBP1	0	0	0	0	0	0	0	1	0	0	0
XRCC5	0	0	1	0	0	0	0	1	0	0	0
ITGA2	0	0	0	0	0	0	0	0	0	0	1
FKBP5	0	0	0	0	0	0	1	1	0	0	0
CLTA	0	0	0	0	0	0	0	1	0	0	0
C19orf40	0	0	1	0	0	0	0	0	0	0	0
RELB	0	0	0	0	0	0	0	1	0	0	0
TSC1	0	0	0	0	0	0	0	1	0	0	0
BACH1/BRIP1	0	0	1	0	0	0	0	0	0	0	0
AKAP1	0	0	0	0	0	0	0	1	0	0	0
PLCB1	1	1	0	0	0	0	0	1	0	0	1
TGFBR1	1	0	0	1	0	0	0	1	0	0	0
PLEKHA7	0	0	0	0	0	0	0	0	0	0	1
EPS8	0	0	0	1	0	0	1	1	0	0	1
SPHK1	0	0	0	0	1	0	0	1	1	0	1
CLTC	0	0	0	1	0	0	0	1	0	0	0
EPHA5	0	0	0	0	0	0	0	1	0	0	1
VASP	1	1	0	0	0	0	1	1	0	0	1
CAMK2G	0	0	0	0	1	0	1	1	1	0	1
CREM	0	0	0	0	0	0	0	1	0	0	0
GSC	0	0	0	0	0	0	0	1	0	0	0
CD4	0	0	0	0	0	0	0	1	0	0	1
F2	1	1	0	0	0	0	0	1	0	0	1
TRRAP	0	0	0	0	0	0	0	1	0	0	0
KDELR1	0	0	0	0	0	0	0	1	0	0	0
ARRB1	0	0	0	0	1	0	0	1	1	0	1
RFWD2	0	0	0	0	0	0	0	1	0	0	0
RYK	0	0	0	0	0	0	0	1	0	0	0
EGR1/ZNF225	0	0	0	1	0	0	0	0	0	0	0
VAMP2	0	0	0	0	0	0	0	1	0	0	0
CD28	0	0	0	0	1	0	1	1	0	0	1
HCK	1	0	0	0	1	0	0	1	0	0	1
NEDD4	0	0	0	0	0	0	0	1	0	0	0
NKD1	0	0	0	0	0	0	1	1	0	0	0
CDKN2A	0	0	0	0	0	0	0	1	0	0	0
CREB1	0	0	0	1	0	0	1	0	0	0	0
PXN	0	0	0	0	0	0	0	1	1	0	1
SMC1A	0	0	0	0	0	0	0	1	0	0	0
CIT	0	0	0	0	0	0	0	1	0	0	0
RICTOR	0	0	0	0	0	0	1	1	1	0	1
STRADA	0	0	0	0	0	0	1	1	0	0	1
HDAC4	0	0	0	0	0	0	0	1	0	0	0
ITGA6	0	0	0	0	0	0	1	1	0	0	1
TBC1D4	0	0	0	0	0	0	0	0	0	1	0
FER	0	0	0	1	0	0	0	1	0	0	1
PRKCG	1	1	0	0	0	0	0	1	0	0	1
S1PR5	0	0	0	0	0	0	0	1	0	0	1
DAGLB	0	0	0	0	0	0	0	0	0	0	1
SMO	0	0	0	0	1	0	0	1	0	0	0
YWHAB	0	0	1	1	0	0	1	1	1	0	1
MAP3K2	0	0	0	1	0	0	1	0	0	0	0
AURKA	0	0	0	1	0	0	0	1	0	0	0
THBS2	0	0	0	0	0	0	0	0	0	0	1
AIP/AURKAIP1	0	0	0	0	0	0	0	1	0	0	0
FANCM	0	0	1	0	0	0	0	0	0	0	0
HLA-DRA	0	0	0	0	0	0	0	1	0	0	1
TLR1	0	1	0	0	0	0	0	1	0	0	1
POMC	0	0	0	0	0	0	0	0	0	1	0
MAP4K4	0	0	0	0	0	0	1	1	1	0	1
UGCG	0	0	0	1	0	0	0	0	0	0	1
ULK2	0	0	0	0	0	0	0	1	0	0	0
RAF1	0	0	0	1	1	0	1	1	0	0	1
DAXX	0	0	0	0	0	0	0	1	0	0	0
EXOC4	0	0	0	0	0	0	0	0	0	0	1
STAT3	0	1	0	1	1	0	1	1	1	0	1
RBBP8	0	0	1	1	0	0	0	1	0	0	0
MAPKAPK3	0	0	0	0	0	0	0	0	0	0	1
SPTAN1	0	0	0	0	0	0	1	0	0	0	0
CHUK	0	0	0	0	0	0	0	1	0	0	0
BCL2L11	0	0	0	0	0	0	1	0	0	0	0
UBE2L3	0	0	0	0	0	0	0	1	0	0	0
CALM1/CALM2/CALM3	1	1	0	0	1	0	1	1	1	0	1
DSC1/RCAN1	0	0	0	0	0	0	0	1	0	0	0
EHD4	0	0	0	0	0	0	0	1	0	0	1
GNAO1	1	1	0	1	0	0	1	1	1	0	1
LMNB2	0	0	0	0	0	0	1	0	0	0	0
CHD4	0	0	0	0	0	0	0	1	0	0	0
KPNA2	0	0	0	1	0	0	0	1	0	0	0
GORASP1	0	0	0	1	0	0	0	0	0	0	0
MSN	0	0	0	0	0	0	0	1	0	0	1
RPTOR	0	0	0	0	0	0	0	1	0	0	0
COPA	0	0	0	0	0	0	0	1	0	0	0
MYL2	1	1	0	0	0	0	0	1	0	0	1
RRAGD	0	0	0	0	0	0	0	1	0	0	0
EFNA3	0	0	0	0	0	0	0	1	0	0	1
CTSG	0	0	0	0	0	0	0	0	0	0	1
LINGO1	0	0	0	0	0	0	1	0	0	0	1
LCK	1	0	0	1	1	0	1	1	0	0	1
VPS4B	0	0	0	0	0	0	0	1	0	0	0
DGCR8	0	0	0	0	0	0	0	1	0	0	0
MNAT1	0	0	0	0	0	0	0	1	0	0	0
PRKACB	0	0	0	0	0	0	1	0	0	0	1
NCF1	0	0	0	0	0	0	0	1	0	0	0
MYO6	0	0	0	0	0	0	0	0	0	0	1
EPHA8	0	0	0	0	0	0	0	1	0	0	1
UNC5C	0	0	0	0	0	0	1	0	0	0	1
PIP5K1A	0	0	0	0	0	0	1	1	0	0	1
TIPIN	0	0	1	0	0	0	0	1	0	0	0
SKI	0	0	0	0	0	0	0	1	0	0	0
PTN	0	0	0	0	0	0	0	0	0	0	1
MADCAM1	0	0	0	0	0	0	0	0	0	0	1
MAP3K11	0	0	0	0	0	0	0	1	0	0	0
WNT2	0	0	0	0	0	0	0	1	0	0	0
GRB10	0	0	0	0	0	0	0	1	1	0	0
RUNX2	0	0	0	0	0	0	0	1	0	0	0
IL12RB1	0	1	0	1	1	0	1	1	0	0	0
SUPT3H	0	0	0	0	0	0	0	1	0	0	0
DNTT	0	0	1	0	0	0	0	1	0	0	0
PTCH1	0	0	0	0	1	0	0	1	0	0	0
NCSTN	0	0	0	0	0	0	1	1	0	0	0
NPHS1	0	0	0	0	0	0	1	1	0	0	1
RPS6KA5	0	0	0	0	0	0	1	0	0	0	0
MMP12	0	0	0	0	0	0	0	0	0	0	1
MAPK9	0	0	0	1	0	0	1	1	0	0	1
IL1B	0	0	0	1	1	0	1	1	0	0	0
NOXA1	0	0	0	0	0	0	0	1	0	0	0
CITED1	0	0	0	0	0	0	0	1	0	0	0
DIAPH3	0	0	0	0	0	0	0	1	0	0	1
DOK2	0	0	0	1	1	0	1	0	0	0	1
CDK7	0	0	0	0	0	0	0	1	0	0	0
RRAS	0	0	0	0	0	0	0	1	0	0	1
BRSK2	0	0	0	0	0	0	0	1	0	0	1
PRKCD	0	1	0	1	1	0	1	1	1	0	1
APP	0	0	0	0	0	0	1	1	0	0	0
IRS2	0	0	0	1	1	0	0	0	0	0	1
IKBKG	0	0	0	0	0	0	0	1	0	0	0
CNTN1	0	0	0	0	0	0	0	1	0	0	0
GRIN2B	0	0	0	0	0	0	0	1	0	0	0
MAGEH1	0	0	0	0	0	0	0	0	0	0	1
NTRK2	0	0	0	0	0	0	1	1	0	0	1
CD19	0	0	0	0	0	0	0	1	0	0	0
SIK3	0	0	0	0	0	0	0	1	0	0	0
RNF8	0	0	1	0	0	0	0	1	0	0	0
CD79B	0	0	0	1	0	0	1	1	0	0	0
FBXW11	0	0	1	0	0	0	0	1	0	0	0
BLNK	0	0	0	1	0	0	1	1	0	0	0
LSP1	0	0	0	0	0	0	0	0	0	0	1
STXBP1	0	0	0	0	0	0	0	1	0	0	0
DLG4	0	0	0	0	0	0	0	0	0	0	1
SOCS2	0	0	0	0	0	0	0	1	0	0	0
STXBP4	0	0	0	0	0	0	0	1	0	0	0
VAMP3	0	0	0	0	0	0	0	1	0	0	0
KAT2A	0	0	0	0	0	0	0	1	0	0	0
EIF3E	0	0	0	0	0	0	0	1	0	0	0
BLM	0	0	1	0	0	0	0	1	0	0	0
TIMELESS	0	0	1	1	0	0	0	1	0	0	0
PLCG1	1	0	0	1	1	0	1	1	1	0	1
AP1M1	0	0	0	0	0	0	0	1	0	0	1
PPP2R2B	0	0	1	0	0	0	0	1	0	0	0
ITGAM	0	1	0	1	1	0	0	1	0	0	1
MAP3K1	0	0	1	1	0	0	0	1	0	0	1
AGTR1	0	0	0	0	0	0	0	0	1	0	0
CAMK2A	0	0	0	0	1	0	1	1	1	0	0
SMPD1	0	0	0	1	0	0	1	1	1	0	1
TCF3	0	0	0	0	0	0	0	1	0	0	0
SOCS5	0	0	0	1	1	0	0	1	0	0	0
CAV1	1	0	0	0	0	0	0	1	0	0	0
STIM1	0	0	0	0	0	0	0	1	0	0	0
TFDP1	0	0	0	0	0	0	0	1	1	0	0
RRAGC	0	0	0	0	0	0	0	1	0	0	0
RCHY1	0	0	0	0	0	0	0	1	0	0	0
BTK	0	0	0	1	0	0	1	1	0	0	0
ARF6	0	0	0	0	1	0	0	1	1	0	1
IL18	0	0	0	0	0	0	0	1	0	0	0
WDR48	0	0	1	0	0	0	0	0	0	0	0
CD72	0	0	0	1	0	0	1	1	0	0	0
CXCL10	0	0	0	1	0	0	0	1	0	0	1
FRAT1	0	0	0	0	0	0	0	1	0	0	0
ASAP2	0	0	0	0	1	0	0	0	0	0	0
ACVRL1	1	0	0	1	0	0	0	0	0	0	1
FLT1	1	0	0	1	0	0	0	1	0	0	0
CDS1/CHEK2	0	0	0	0	0	0	1	1	0	0	0
E2F3	0	0	0	0	0	0	0	1	0	0	0
LPAR3	0	1	0	0	0	0	0	1	0	0	1
ATM	0	0	1	1	0	0	1	1	0	0	0
CDK4	0	0	0	0	0	0	0	1	0	0	0
HES1	0	0	1	0	0	0	0	0	0	0	0
GNG2	1	1	0	1	1	0	1	1	0	0	1
ARHGEF11	0	0	0	0	0	0	0	0	0	0	1
NINL	0	0	0	1	0	0	0	0	0	0	0
FLT4	1	0	0	1	0	0	1	1	0	0	1
NOX1	0	0	0	0	0	0	0	1	0	0	0
PSMA3	0	0	0	0	0	0	0	1	0	0	0
GRIN2A	0	0	0	0	0	0	0	1	0	0	0
TRAF1	0	0	0	1	0	0	0	1	0	0	0
CD247	0	0	0	0	1	0	1	1	0	0	1
CTBP1	0	0	0	0	0	0	0	1	0	0	0
PPP2R4	0	0	0	0	0	0	0	1	0	0	0
RRN3	0	0	0	0	0	0	0	1	0	0	0
IQSEC1	0	0	0	0	0	0	0	1	1	0	1
ITK	0	0	0	0	0	0	0	1	0	0	1
GNAI3	1	1	0	1	0	0	1	1	1	0	1
BTRC	0	0	1	0	0	0	0	1	0	0	0
ARAP2	0	0	0	0	0	0	0	0	1	0	0
RHOA	1	1	0	1	1	0	1	1	0	0	1
BCL2	0	0	0	0	0	0	1	1	0	0	0
STRAP	0	0	0	0	0	0	0	1	0	0	0
FGF7	0	0	0	0	0	0	0	1	0	0	0
TICAM1	0	0	0	0	0	0	0	1	0	0	0
BID	0	0	1	0	0	0	1	1	0	0	1
SH3BP2	0	0	0	0	0	0	0	1	0	0	0
PRKACA	1	1	0	1	0	0	1	1	1	0	1
KIRREL	0	0	0	0	0	0	1	1	0	0	1
GZMB	0	0	1	0	0	0	1	1	0	0	1
MAX	0	0	0	1	0	0	0	1	1	0	0
ODF2	0	0	0	1	0	0	0	0	0	0	0
WNT7B	0	0	0	0	0	0	0	1	0	0	0
BCL6	0	0	0	0	1	0	0	0	0	0	0
NR1H3	0	0	0	0	0	0	0	1	0	0	0
ZYX	1	1	0	0	0	0	0	1	0	0	1
CRK	0	0	0	0	0	0	1	1	0	0	1
TPT1/TPT1-AS1	0	0	0	0	0	0	0	1	0	0	0
VAV1	0	0	0	1	0	0	1	1	1	0	1
PRKCB	1	1	0	1	1	0	1	1	0	0	1
AKT2	0	0	0	0	0	0	1	1	1	1	0
STRN	1	0	0	0	0	0	1	1	0	0	1
ARPC5	0	0	0	0	0	0	0	1	0	0	1
PLK2	0	0	0	0	0	0	0	1	0	0	0
ESR2	1	0	0	0	0	0	1	1	0	0	1
PEBP1	0	0	0	1	0	0	0	0	0	0	0
CASP3	0	0	1	1	0	0	1	1	0	0	1
SUFU	0	0	0	0	0	0	0	1	0	0	0
DCLRE1C	0	0	1	0	0	0	0	1	0	0	0
CDK6	0	0	0	1	0	0	0	1	0	0	0
PPP2R5D	0	0	0	0	0	0	0	1	0	0	0
JUN	0	0	0	1	0	0	1	1	0	0	0
KIF20A	0	0	0	1	0	0	0	1	0	0	0
TNK2	0	0	0	0	0	0	0	0	0	0	1
STUB1	0	0	0	0	0	0	0	1	0	0	0
NRG4	0	0	0	1	0	0	0	0	0	0	0
RHOB	0	0	0	0	0	0	0	0	0	0	1
NDN	0	0	0	0	0	0	1	0	0	0	1
FAN1	0	0	1	0	0	0	0	0	0	0	0
EFNA2	0	0	0	0	0	0	0	1	0	0	1
NDNL2	0	0	0	0	0	0	1	0	0	0	0
CUL3	0	0	0	0	0	0	0	1	0	0	0
UBE3A	0	0	0	0	0	0	0	1	0	0	0
ITGB1	0	0	0	0	0	0	1	1	0	0	1
ILK	0	0	0	0	0	0	1	1	0	0	1
NFKB2	0	0	0	0	0	0	0	1	0	0	0
LPP	0	0	0	0	0	0	0	1	0	0	0
SIPA1	0	0	0	0	0	0	0	0	0	0	1
ITCH	0	0	0	0	0	0	0	1	0	0	0
CXCL12	0	0	0	1	1	0	0	1	0	0	1
USP6NL	0	0	0	1	0	0	1	1	0	0	1
MAPK3	1	0	0	1	1	0	1	1	0	0	1
IL2RB	0	0	0	1	1	0	1	1	0	0	1
NOXO1	0	0	0	0	0	0	0	1	0	0	0
RAD50	0	0	1	0	0	0	0	1	0	0	0
HIST1H4A/HIST1H4B/HIST1H4C/HIST1H4D/HIST1H4E/HIST1H4F/HIST1H4H/HIST1H4I/HIST1H4J/HIST1H4K/HIST1H4L/HIST4H4	0	0	0	0	0	0	0	1	0	0	0
PPM1D	0	0	0	0	0	0	0	1	0	0	0
GFRA1	0	0	0	0	0	0	0	1	0	0	1
PAG1	0	0	0	1	1	0	1	1	0	0	1
PDGFA	0	0	0	1	0	0	1	1	1	0	0
ACVR2A	0	0	0	1	0	0	0	0	0	0	1
NR3C1	0	0	0	0	0	0	1	1	0	0	0
DVL2	0	0	0	0	0	0	0	1	0	0	1
EXOC5	0	0	0	0	0	0	0	0	0	0	1
PARP1	0	0	1	0	0	0	0	1	0	0	1
TAF9	0	0	0	0	0	0	0	1	0	0	0
MAPK8IP3	0	0	0	0	0	0	0	0	0	0	1
BGN	0	0	0	0	0	0	0	1	0	0	0
IL17RD	0	0	0	0	0	0	0	1	0	0	0
TLR6	0	0	0	0	0	0	0	1	0	0	0
CDC6	0	0	1	0	0	0	0	1	1	0	0
NFKBIA	0	0	0	0	0	0	1	1	1	0	0
FAIM	0	0	0	0	0	0	0	1	0	0	1
DOK1	0	0	0	0	0	0	0	1	1	0	1
SCAP/SH2D2A	0	0	0	1	0	0	0	0	0	0	1
INCENP	0	0	0	1	0	0	0	1	0	0	0
SIN3B	0	0	0	0	0	0	0	1	1	0	0
TOR1A	0	0	0	0	0	0	0	1	0	0	0
EPHB1	1	0	0	0	0	0	0	1	0	0	1
RARG	0	0	0	0	0	0	0	1	0	0	0
DOK4	0	0	0	0	0	0	0	0	0	0	1
TNFRSF10B	0	0	1	0	0	0	1	1	0	0	1
GNAI1	1	1	0	1	0	0	1	1	1	0	1
WASL	0	0	0	0	0	0	0	1	0	0	1
PTPN1	0	0	0	0	0	0	0	1	1	0	1
SNCAIP	0	0	0	0	0	0	0	1	0	0	0
GAS1	0	0	0	0	0	0	0	1	0	0	0
SEPT2	0	0	0	0	0	0	0	1	0	0	0
HDAC3	0	0	0	0	0	0	0	1	0	0	0
GRIA2	0	0	0	0	0	0	0	1	0	0	0
WNT7A	0	0	0	0	0	0	0	1	0	0	0
SKP1	0	0	0	0	0	0	0	1	0	0	0
RET	0	0	0	0	0	0	0	1	0	0	1
CTGF	0	0	0	0	0	0	0	1	0	0	0
SEMA3E	0	0	0	0	0	0	0	1	0	0	1
INS/INS-IGF2	0	0	0	0	0	0	0	1	1	0	0
TYK2	0	1	0	1	1	0	1	1	0	0	0
NRP1	0	0	0	0	0	0	0	1	0	0	1
ITGA4	0	0	0	0	0	0	0	0	0	0	1
UCHL1	0	0	0	0	0	0	0	1	0	0	0
ELANE	0	0	0	0	0	0	0	0	0	0	1
GSK3B	0	0	0	1	0	0	0	1	0	0	1
CASP9	0	0	1	0	0	0	1	1	1	0	1
INSR	0	0	0	0	0	0	0	1	1	0	0
PAK1/PKN1	1	1	0	1	0	0	0	1	0	0	1
CYCS	0	0	1	0	0	0	1	1	0	0	1
TSG101	0	0	0	0	0	0	0	1	0	0	0
IL3RA	0	0	0	0	0	0	1	0	0	0	0
MYH2	0	0	0	0	0	0	0	0	0	0	1
GCK/MAP4K2	0	0	0	0	0	0	0	1	0	0	0
PDGFD	0	0	0	0	0	0	0	1	0	0	0
PDGFC	0	0	0	0	0	0	0	1	0	0	0
DYNLT1	0	0	0	0	0	0	0	1	0	0	1
ANGPT1	1	0	0	0	0	0	1	1	0	0	1
MLF1IP	0	0	0	0	0	0	0	1	0	0	0
DTX1	0	0	0	0	0	0	1	1	0	0	0
LAMA3	0	0	0	0	0	0	0	0	0	0	1
SNAP25	0	0	0	0	0	0	0	1	0	0	0
STAT6	0	0	0	1	1	0	0	0	0	0	0
FANCA	0	0	1	0	0	0	0	0	0	0	0
KSR1	0	0	0	1	0	0	1	1	0	0	1
NCL	0	0	0	1	0	0	0	0	0	0	0
ITSN1	0	0	0	0	0	0	0	0	0	0	1
DCX	0	0	0	0	0	0	0	1	0	0	0
AMICA1	0	0	0	0	0	0	0	0	0	0	1
EPO	0	0	0	1	0	0	0	1	0	0	0
PML	0	0	0	0	0	0	0	1	0	0	0
HLA-A	0	0	0	0	1	0	1	1	0	0	0
GJA1	0	0	0	0	0	0	0	0	0	0	1
LRP8	0	0	0	0	0	0	0	1	0	0	1
ACTN1	0	0	0	0	0	0	0	1	0	0	1
WAS	0	0	0	0	0	0	0	0	0	0	1
IL6ST	0	1	0	1	1	0	1	1	1	0	0
FPR2	0	0	0	0	0	0	0	0	0	0	1
CBLB	0	0	0	1	0	0	0	1	0	0	0
ADCY1	0	0	0	0	0	0	0	1	0	0	0
PRKDC	0	0	1	0	0	0	1	1	1	0	0
E2F4	0	0	0	0	0	0	0	0	1	0	0
BRK1	0	0	0	0	0	0	0	0	0	0	1
RAB7A	0	0	0	0	0	0	0	1	0	0	0
STX4	0	0	0	0	0	0	0	0	0	0	1
LMNB1	0	0	0	0	0	0	1	0	0	0	0
CD86	0	0	0	0	1	0	1	1	0	0	1
HDAC8	0	0	0	0	0	0	0	1	0	0	0
ARPC1B	0	0	0	0	0	0	0	1	0	0	1
JUP	0	0	0	1	0	0	1	1	0	0	1
PTK2	0	0	0	0	1	0	1	1	0	0	1
SH3GL1	0	0	0	0	1	0	0	0	0	0	0
SMAD3	0	0	0	0	0	0	0	1	1	0	0
ARFIP2	0	0	0	0	0	0	0	1	0	0	1
MAK	0	0	0	1	0	0	0	0	0	0	0
GATA2	0	0	0	1	0	0	0	1	0	0	0
ASAP1	0	0	0	0	0	0	0	1	0	0	0
PER2	0	0	0	0	0	0	0	1	0	0	0
SSH1	0	0	0	0	0	0	1	0	0	0	1
CTNNB1	1	0	0	1	0	0	1	1	0	0	1
TRIP6	0	0	0	0	0	0	0	0	0	0	1
NCK2	1	0	0	0	0	0	0	1	0	0	1
EFNB1	1	0	0	0	1	0	0	1	0	0	1
DAAM1	0	0	0	0	0	0	0	0	0	0	1
S1PR1	0	0	0	0	1	0	0	1	1	0	1
LIMK1	0	0	1	0	0	0	0	1	0	0	1
GNA15	1	1	0	0	1	0	0	1	1	0	1
MAP2K5	0	0	0	1	0	0	1	0	0	0	0
BAK1	0	0	0	0	0	0	1	0	0	0	0
PRDM4	0	0	0	1	0	0	0	0	1	0	0
BUB1	0	0	0	1	0	0	1	0	0	0	0
CKAP5	0	0	0	1	0	0	0	1	0	0	0
STAT4	0	0	0	1	1	0	1	1	0	0	0
TOP3A	0	0	1	0	0	0	0	1	0	0	0
MUC20	0	0	0	0	0	0	1	1	0	0	0
APOB	0	1	0	0	0	0	0	0	0	0	0
PIAS3	0	0	0	0	0	0	0	1	0	0	0
ACAP2	0	0	0	0	0	0	0	0	1	0	0
ATG13	0	0	0	0	0	0	0	1	0	0	0
IBTK	0	0	0	1	0	0	1	1	0	0	0
RIMS1	0	0	0	0	0	0	0	1	0	0	0
FLNA	0	0	0	0	0	0	0	1	0	0	1
GATAD2B	0	0	0	0	0	0	0	1	0	0	0
CD3G	0	0	0	0	1	0	1	1	0	0	1
YWHAZ	0	0	1	1	0	0	1	1	1	0	1
GGA3	0	0	0	0	0	0	0	1	0	0	0
ARHGEF6	0	0	0	0	0	0	0	0	0	0	1
CCND1	0	0	0	1	0	0	0	1	0	0	0
CDK5R1	0	0	0	0	0	0	0	1	0	0	1
AGER	0	0	0	0	0	0	0	0	0	0	1
NFKBIB	0	0	0	0	0	0	0	1	0	0	0
SPP1	0	0	0	0	0	0	0	1	0	0	1
BAD	0	0	0	0	0	0	1	1	1	0	0
PAWR	0	0	0	0	0	0	1	1	1	0	0
WDR77	0	0	0	0	0	0	0	1	0	0	0
SPOP	0	0	0	0	0	0	0	1	0	0	0
DISP1	0	0	0	0	1	0	0	1	0	0	0
ZNFX1/ZNFX1-AS1	0	0	0	0	0	0	0	1	0	0	0
CAMSAP3	0	0	0	0	0	0	0	0	0	0	1
FOXO1	0	0	0	1	0	0	1	1	1	0	0
APITD1/APITD1-CORT	0	0	1	0	0	0	0	0	0	0	0
CDK5R2	0	0	0	0	0	0	0	1	0	0	0
ITGB3	1	0	0	1	0	0	1	1	1	0	1
EBI3	0	1	0	1	1	0	0	1	0	0	0
DNM1	0	0	0	0	1	0	0	1	0	0	1
SMARCAL1	0	0	1	0	0	0	0	1	1	0	0
EREG	0	0	0	0	0	0	1	0	0	0	0
ARHGAP10	0	0	0	0	0	0	0	0	0	0	1
CSF2	0	0	0	1	0	0	1	0	0	0	0
PPP2R1A	0	0	1	1	0	0	1	1	0	0	1
PLAUR	0	0	0	1	0	0	0	1	0	0	1
GNB2L1	0	0	0	1	0	0	0	1	0	0	0
CLTB	0	0	0	0	0	0	0	1	0	0	0
TERF2	0	0	0	0	0	0	1	0	0	0	0
RB1	0	0	0	0	0	0	1	1	1	0	0
APH1A	0	0	0	0	0	0	1	1	0	0	0
FIGF	1	0	0	1	0	0	1	1	0	0	1
BMP4	0	0	0	0	0	0	0	1	0	0	0
WNT3	0	0	0	0	0	0	0	1	0	0	0
THBS1	1	0	0	0	0	0	0	0	0	0	1
FGG	0	0	0	0	0	0	0	0	0	0	1
FRS2	0	0	0	0	0	0	0	1	0	0	1
NRAS	0	0	0	1	1	0	1	1	0	0	1
KIFC3	0	0	0	0	0	0	0	0	0	0	1
MALT1	0	0	0	0	0	0	0	1	0	0	0
EGF	0	0	0	1	0	0	1	1	1	0	1
ADCY3	0	0	0	0	0	0	0	1	0	0	0
SMARCE1	0	0	0	1	0	0	0	0	0	0	0
PVRL2	0	0	0	0	0	0	0	0	0	0	1
PDGFB	0	0	0	0	1	0	0	1	1	0	1
RBL1	0	0	0	0	0	0	0	0	1	0	0
CAMK2B	0	0	0	0	1	0	1	1	1	0	0
VAV3	1	0	0	0	1	0	0	1	0	0	1
MAP1B	0	0	0	0	0	0	0	0	0	0	1
ARPC4-TTLL3	0	0	0	0	0	0	0	1	0	0	1
PIP5K1C	0	0	0	0	0	0	0	1	0	0	1
MAP2	0	0	0	0	0	0	0	1	0	0	0
HDAC2	0	0	0	0	0	0	0	1	1	0	0
KLHL20	0	0	0	0	0	0	0	1	0	0	1
IL3	0	0	0	0	0	0	1	0	0	0	0
CYFIP2	0	0	0	0	0	0	0	1	0	0	1
BMX	0	0	0	0	0	0	0	0	0	0	1
KIF5B	0	0	0	1	0	0	1	1	0	0	1
MAPKAP1	0	0	0	0	0	0	1	1	1	0	1
BAIAP2	0	0	0	0	0	0	0	1	0	0	1
RACGAP1	0	0	0	1	0	0	0	0	0	0	0
THY1	0	0	0	0	0	0	0	0	0	0	1
BRAF	0	0	0	1	0	0	1	1	0	0	1
GBF1	0	0	0	0	0	0	0	1	0	0	0
TNFRSF10A	0	0	1	0	0	0	1	1	0	0	1
ADAM23/ADAM28	0	0	0	0	0	0	0	0	0	0	1
RAB1A	0	0	0	1	0	0	0	0	0	0	0
GULP1	0	0	0	0	0	0	0	0	1	0	0
KCNJ14/KCNJ15	0	0	0	0	0	0	0	0	0	0	1
IQGAP3	0	0	0	0	0	0	0	0	0	0	1
MMP2	0	0	0	0	0	0	0	0	0	0	1
DCTN1	0	0	0	0	0	0	0	0	0	0	1
PIAS2	0	0	0	0	0	0	0	1	0	0	0
MDC1	0	0	1	0	0	0	0	1	0	0	0
RRAGB	0	0	0	0	0	0	0	1	0	0	0
SYNJ1	0	0	0	0	1	0	0	0	0	0	0
MYD88	0	0	0	0	0	0	0	1	0	0	0
HGS	0	0	0	0	0	0	0	1	0	0	0
NTF3	0	0	0	0	0	0	0	1	0	0	1
TIAM1	0	0	0	1	1	0	0	1	0	0	1
S1PR3	0	0	0	0	0	0	0	1	0	0	0
DLGAP5	0	0	0	0	0	0	0	1	0	0	0
WDR5	0	0	0	0	0	0	0	1	0	0	0
ITGA5	0	0	0	0	0	0	0	0	0	0	1
NPHS2	0	0	0	0	0	0	1	1	0	0	1
IFNG	0	0	0	0	1	0	1	1	1	0	0
TNFSF11	0	0	0	0	0	0	0	1	0	0	0
MBD2	0	0	0	0	0	0	0	1	0	0	0
FANCI	0	0	1	0	0	0	0	0	0	0	0
CSNK2A1	0	0	0	1	0	0	1	1	0	0	0
PER1	0	0	0	0	0	0	0	1	0	0	0
JAG1	0	0	0	0	0	0	0	1	0	0	0
PTPN2	0	0	0	1	0	0	0	1	0	0	0
IFT172	0	0	0	0	0	0	0	1	0	0	0
SRC	1	0	0	1	1	0	1	1	1	0	1
CCL11	0	0	0	1	0	0	0	0	0	0	1
FGFR2	0	0	0	0	0	0	1	0	0	0	0
CD22	0	0	0	1	0	0	1	1	0	0	0
EVI5	0	0	0	1	0	0	0	0	0	0	0
FZD3/FZD9	0	0	0	0	0	0	0	1	0	0	0
ATP6AP2	0	0	0	0	0	0	0	1	0	0	0
MC4R	0	0	0	0	0	0	0	0	0	1	0
HGF	0	0	0	0	0	0	1	1	1	0	1
STAT5A	0	0	0	1	0	0	0	1	0	0	0
VCAN	0	0	0	0	0	0	0	1	0	0	0
ABI1	0	0	0	1	0	0	1	1	0	0	1
SHANK3	0	0	0	0	0	0	0	1	0	0	1
NFYB	0	0	1	0	0	0	0	0	0	0	0
HDAC6	0	0	0	0	0	0	0	1	0	0	0
AXIN1	0	0	0	0	0	0	0	1	0	0	0
DLG1	0	0	0	0	0	0	0	1	0	0	1
RALGDS	0	0	0	1	0	0	1	1	0	0	1
RALB	0	0	0	0	0	0	0	0	0	0	1
BBC3	0	0	0	0	0	0	1	0	0	0	0
NTRK1	0	0	0	0	0	0	1	1	0	0	1
SMAD2	0	0	0	0	0	0	0	1	0	0	0
NFATC4	0	0	0	0	0	0	0	1	0	0	0
EPHB2	1	0	0	0	1	0	0	1	0	0	1
SDC1	0	0	0	0	0	0	0	1	0	0	1
COL17A1	0	0	0	0	0	0	0	0	0	0	1
PRLR	0	0	0	0	0	0	0	1	0	0	0
ANGPT2	1	0	0	0	0	0	1	1	0	0	1
CD44	0	0	0	0	0	0	0	1	0	0	0
TNF	0	0	1	1	0	0	1	1	1	0	1
RHOC	0	0	0	0	0	0	0	1	0	0	1
TBXA2R	0	1	0	0	0	0	0	1	0	0	1
GSN	0	0	1	0	0	0	1	1	0	0	1
PVR	0	0	0	0	0	0	0	1	0	0	0
PPP3CB	0	0	0	0	0	0	0	1	0	0	0
FKBP1A	1	0	0	1	0	0	0	1	0	0	1
PIK3CB	0	0	0	0	0	0	0	0	0	0	1
FZD8	0	0	0	0	0	0	0	1	0	0	0
GAP43	0	0	0	0	0	0	0	0	0	0	1
TRAF2	0	0	1	1	0	0	1	1	1	0	1
IFT88	0	0	0	0	0	0	0	1	0	0	0
MAP2K4	0	0	0	1	0	0	1	1	1	0	0
HSPA8	0	0	0	0	0	0	0	1	0	0	0
NSMAF	0	0	0	1	0	0	1	1	1	0	0
SNIP1	0	0	0	0	0	0	0	1	0	0	0
POU2F1	0	0	0	1	0	0	0	0	0	0	0
TNFRSF10D	0	0	0	0	0	0	0	1	0	0	0
PPP2CA	0	0	1	1	0	0	1	1	0	0	1
BCL2L2/BCL2L2-PABPN1	0	0	0	0	0	0	1	0	0	0	0
DNAJA3	0	0	0	0	0	0	0	1	0	0	1
ZFP36	0	0	0	0	0	0	1	1	0	0	0
MAGED1	0	0	0	0	0	0	1	1	0	0	1
ATR	0	0	1	1	0	0	1	1	1	0	0
FANCL	0	0	1	0	0	0	0	0	0	0	0
FGR	1	0	0	0	1	0	0	1	0	0	1
PTPN11	1	0	0	1	1	0	1	1	1	0	1
IL5	0	0	0	1	0	0	1	1	0	0	0
CDC42BPA	0	0	0	0	0	0	0	0	0	0	1
PRKCH	0	1	0	0	0	0	0	1	0	0	1
TRPV6	0	0	0	0	0	0	0	1	0	0	0
CENPA	0	0	0	1	0	0	0	0	0	0	0
TUBB2A	0	0	0	0	0	0	0	1	0	0	0
ELMO1	0	0	0	0	0	0	1	1	0	0	1
TLN1	0	0	0	0	0	0	0	1	0	0	1
EPHA1	0	0	0	0	0	0	0	1	0	0	1
HDAC11	0	0	0	0	0	0	0	1	0	0	0
MAG	0	0	0	0	0	0	1	0	0	0	1
UNC13B	0	0	0	0	0	0	0	1	0	0	0
IL2RG	0	0	0	1	1	0	1	1	0	0	1
MAP3K7	0	0	0	0	0	0	0	1	0	0	0
RARB	0	0	0	0	0	0	0	1	0	0	0
BARD1	0	0	1	1	0	0	0	1	0	0	0
S1PR2	1	0	0	0	0	0	0	0	0	0	1
LIMS2	0	0	0	0	0	0	1	0	0	0	0
USP6	0	0	0	0	0	0	0	0	1	0	0
UBE2N	0	0	1	0	0	0	0	1	0	0	0
MADD	0	0	1	1	0	0	1	1	1	0	1
ARRB2	0	0	0	0	1	0	0	1	1	0	1
CYTH3	0	0	0	0	0	0	0	0	1	0	1
TDRD7	0	0	0	1	0	0	0	0	0	0	0
DOCK1	0	0	0	0	0	0	1	1	0	0	1
KIF2A	0	0	0	0	0	0	0	1	0	0	0
GNAZ	1	1	0	1	0	0	1	1	1	0	1
DVL3	0	0	0	0	0	0	0	1	0	0	1
MBD3L2	0	0	0	0	0	0	0	1	0	0	0
BTC	0	0	0	1	0	0	0	0	0	0	0
GNB1	1	1	0	1	1	0	1	1	0	0	1
ACVR2B	0	0	0	1	0	0	0	0	0	0	1
JAK3	0	0	0	1	1	0	1	1	0	0	1
SNAI2	0	0	0	0	0	0	0	1	0	0	0
SMG5	0	0	0	0	0	0	0	1	0	0	0
DFFA	0	0	0	0	0	0	1	0	0	0	0
UIMC1	0	0	0	0	0	0	0	1	0	0	0
LCP2	0	0	0	0	0	0	1	1	0	0	1
ERBB4	0	0	0	1	0	0	1	1	0	0	1
POLDIP3	0	0	0	0	0	0	0	1	0	0	0
NR1H2	0	0	0	0	0	0	0	1	0	0	0
SMPD2	0	0	0	0	0	0	1	0	0	0	0
E2F5	0	0	0	0	0	0	0	0	1	0	0
SH3BP5	0	0	0	1	0	0	1	1	0	0	0
EZR	0	0	0	1	0	0	0	0	0	0	1
RAD1	0	0	1	0	0	0	0	1	1	0	0
LRPAP1	0	0	0	0	1	0	0	1	0	0	1
ERC1	0	0	0	0	0	0	0	1	0	0	0
HSPB1	0	0	0	0	0	0	0	0	0	0	1
TRADD	0	0	1	1	0	0	1	1	1	0	1
RAB23	0	0	0	0	0	0	0	1	0	0	0
LAMA1	0	0	0	0	0	0	0	0	0	0	1
APH1B	0	0	0	0	0	0	1	1	0	0	0
SMARCC1	0	0	0	0	0	0	0	1	0	0	0
ITGAV	1	0	0	1	0	0	1	1	0	0	1
TACC3	0	0	0	0	0	0	0	1	0	0	0
MRE11A	0	0	1	0	0	0	0	1	0	0	0
KIF23	0	0	0	1	0	0	0	0	0	0	0
GRB2	1	0	0	1	1	0	1	1	1	0	1
MAPK1	1	0	0	1	1	0	1	1	0	0	1
IRF8	0	0	0	1	0	0	0	0	1	0	0
KIT	0	0	0	1	0	0	0	1	0	0	1
PRF1	0	0	1	0	1	0	1	1	0	0	1
WNT5A	0	0	0	0	0	0	0	1	0	0	1
CDC37	0	0	0	0	0	0	0	1	0	0	0
CRH	0	0	0	0	0	0	0	1	0	0	0
E2F2	0	0	0	0	0	0	0	1	0	0	0
KPNB1	0	0	0	1	0	0	0	1	0	0	0
MCM2/MCM7	0	0	1	0	0	0	0	1	1	0	0
EXOC1	0	0	0	0	0	0	0	0	0	0	1
IL8	1	0	0	0	1	0	0	1	0	0	1
VTN	1	0	0	1	0	0	1	0	0	0	1
PTPRC	0	0	0	1	1	0	1	1	0	0	1
CXCL13	0	0	0	1	0	0	0	0	0	0	1
NRK	0	0	0	0	0	0	0	1	0	0	0
PLCB2	1	1	0	0	1	0	0	1	0	0	1
RGS1	0	0	0	0	0	0	0	0	0	0	1
LIG4	0	0	1	0	0	0	0	1	0	0	0
DAPK1	0	0	0	0	1	0	1	1	1	0	0
MAPT	0	0	0	0	0	0	0	1	0	0	0
CAB39	0	0	0	0	0	0	1	1	0	0	1
VIM	0	0	0	0	0	0	1	0	0	0	0
MET	0	0	0	0	0	0	1	1	1	0	1
XPO1	0	0	0	0	0	0	0	1	0	0	0
TGFB1	1	0	0	1	0	0	0	1	0	0	0
LMNA	0	0	0	0	0	0	1	0	0	0	0
UBE2T	0	0	1	0	0	0	0	0	0	0	0
CSK	0	0	0	1	1	0	1	1	0	0	1
SMPD3	0	0	0	1	0	0	1	1	1	0	0
CNR1	0	0	0	0	0	0	0	0	0	0	1
ADCY5	0	0	0	0	0	0	0	1	0	0	0
FZD1	0	0	0	0	0	0	0	1	0	0	0
PIAS1	0	0	0	0	1	0	1	1	1	0	0
ARF1	1	0	0	0	0	0	0	1	0	0	1
RIN1	0	0	0	1	0	0	1	1	0	0	1
CARD11	0	0	0	0	0	0	0	1	0	0	0
NOD2	0	0	0	0	0	0	0	1	0	0	0
EPHA7	0	0	0	0	0	0	0	1	0	0	1
CD40LG	0	0	0	1	1	0	0	1	0	0	0
JAM2	0	0	0	0	0	0	0	0	0	0	1
PAFAH1B1	0	0	0	1	0	0	0	0	0	0	1
NOTCH2	0	0	0	0	0	0	0	1	0	0	0
FN1	1	0	0	0	0	0	0	0	0	0	1
PLK1	0	0	0	1	0	0	0	1	0	0	0
RAP1B	0	0	0	0	0	0	1	1	0	0	1
MDK	0	0	0	0	0	0	0	0	0	0	1
PLK1S1	0	0	0	0	0	0	0	1	0	0	0
CFLAR	0	0	0	1	0	0	1	1	0	0	0
MAPRE1	0	0	0	0	0	0	0	0	0	0	1
NGF	0	0	0	1	0	0	1	1	1	0	1
EFNB3	0	0	0	0	1	0	0	0	0	0	1
EPHA2	1	0	0	0	1	0	0	1	1	0	1
SMURF1	0	0	0	0	0	0	0	1	0	0	0
MAP2K7	0	0	0	0	0	0	0	1	0	0	0
RELN	0	0	0	0	0	0	0	1	0	0	1
HSP90AA1	1	0	0	1	0	0	1	1	1	0	1
RPA1	0	0	1	0	0	0	0	1	1	0	0
USO1	0	0	0	0	0	0	0	1	0	0	0
PAK3	0	0	0	0	0	0	0	1	0	0	0
CDH1/FZR1	0	0	0	0	0	0	0	1	0	0	0
CCNG1	0	0	0	0	0	0	0	1	0	0	0
PPP2R2A	0	0	0	1	0	0	1	1	0	0	1
PLCG2	0	0	0	1	0	0	1	1	0	0	0
FRS3	0	0	0	0	0	0	0	1	0	0	1
FANCE	0	0	1	0	0	0	0	0	0	0	0
DOCK2	0	0	0	0	0	0	0	0	0	0	1
KPNA1	0	0	0	0	0	0	1	0	1	0	0
LPAR2	0	1	0	1	0	0	0	1	0	0	1
ARNT	0	0	0	0	0	0	1	0	0	0	0
PIK3CA	1	1	0	1	1	0	1	1	1	0	1
RFC4	0	0	1	0	0	0	0	1	1	0	0
CSF1R	0	0	0	0	0	0	0	1	0	0	0
BIRC2	0	0	0	1	0	0	1	1	0	0	0
TSC2	0	0	0	0	0	0	0	1	0	0	0
PRKCQ	0	1	0	0	0	0	0	1	0	0	1
RNF128	0	0	0	0	0	0	0	1	0	0	0
ZAP70	0	0	0	0	1	0	1	1	0	0	1
TLR2	0	1	0	0	0	0	0	1	0	0	1
GNAS	0	0	0	0	0	0	0	1	0	0	1
NOTCH1	0	0	0	0	0	0	1	1	0	0	0
PDK1/PDPK1	1	0	0	1	0	0	1	1	1	1	1
PDGFRA	0	0	0	1	0	0	0	1	0	0	1
PRKACA/PRKCA	1	1	0	1	0	0	1	1	0	0	1
HMGB1	0	0	0	0	0	0	0	1	0	0	1
RALA	0	0	0	1	0	0	1	1	0	0	1
FOXO3	0	0	0	0	0	0	1	0	1	0	0
STRADB	0	0	0	0	0	0	1	1	0	0	1
IGFBP4	0	0	0	0	0	0	0	1	0	0	0
KATNA1	0	0	0	0	0	0	0	1	0	0	0
ADAM17	0	0	0	0	0	0	1	1	0	0	0
EPHA3	0	0	0	0	0	0	0	1	0	0	1
WIF1	0	0	0	0	0	0	0	1	0	0	0
ADAP1	0	0	0	0	0	0	0	0	1	0	0
BIRC5	0	0	0	1	0	0	0	1	0	0	0
CAD/DFFB	0	0	0	0	0	0	1	0	0	0	0
PAK1	0	0	0	1	0	0	1	1	0	0	1
CDK2	0	0	1	1	1	0	1	1	1	0	0
SIN3A	0	0	0	0	0	0	0	1	1	0	0
CASP8	0	0	1	1	0	0	1	1	0	0	1
PTK2B	0	0	0	1	1	0	1	1	0	0	1
CEP164	0	0	1	0	0	0	0	1	0	0	0
FBXW7	0	0	0	0	0	0	0	1	0	0	0
RFC5	0	0	1	0	0	0	0	1	1	0	0
STK36	0	0	0	0	0	0	0	1	0	0	0
MAP2K2	0	0	0	1	1	0	1	1	0	0	1
NRG2	0	0	0	0	0	0	1	0	0	0	1
NOX4	0	0	0	0	0	0	0	1	0	0	0
MCL1	0	0	0	1	0	0	1	0	1	0	0
GNAI2	1	1	0	1	1	0	1	1	1	0	1
GSK3A	0	0	0	1	0	0	0	0	0	0	0
BUB3	0	0	0	0	0	0	1	0	0	0	0
CASP7	0	0	1	0	0	0	1	1	0	0	1
TP63	0	0	0	0	0	0	0	1	0	0	0
SMARCA2	0	0	0	1	0	0	0	0	0	0	0
PKN2	0	0	0	0	0	0	0	0	0	0	1
PRKCI	0	0	0	0	0	0	0	1	0	0	1
SCAMP2	0	0	0	0	0	0	0	1	0	0	0
MAPK14	0	1	0	1	1	0	1	1	0	0	1
GPC3	0	0	0	0	0	0	1	1	0	0	0
SLC9A3R1	0	1	0	0	0	0	0	1	0	0	1
DAB1	0	0	0	0	0	0	0	1	0	0	1
FADD	0	0	1	1	0	0	1	1	0	0	1
NUDC	0	0	0	0	0	0	0	1	0	0	0
DLL1	0	0	0	0	0	0	1	0	0	0	0
ROCK1	1	1	0	0	0	0	0	1	0	0	1
ACTN4	0	0	0	0	0	0	0	0	0	0	1
EXOC2	0	0	0	0	0	0	0	0	0	0	1
MAP2K3	0	0	0	1	0	0	1	1	0	0	1
NRG3	0	0	0	0	0	0	1	0	0	0	0
CCNA2	0	0	1	1	0	0	0	1	1	0	0
MAPK7	0	0	0	1	0	0	1	0	0	0	0
CTNNA1	1	0	0	1	0	0	1	1	0	0	1
IL2RA	0	0	0	1	1	0	1	1	0	0	1
TNC	0	0	0	0	0	0	0	1	0	0	1
ITGA3	0	0	0	0	0	0	0	0	0	0	1
GIT2	0	0	0	0	0	0	0	0	0	0	1
TNFSF10	0	0	1	0	0	0	1	1	0	0	1
CDC25C	0	0	1	0	0	0	0	1	0	0	0
MAP4K3	0	0	0	0	0	0	0	1	0	0	0
ACTR2	0	0	0	0	0	0	0	1	0	0	1
HDAC7	0	0	0	0	0	0	0	1	0	0	0
CFL2	0	0	1	0	0	0	0	1	0	0	1
RASSF1	0	0	0	0	0	0	0	1	0	0	0
EXOC3	0	0	0	0	0	0	0	0	0	0	1
SLC9A3R2	0	0	0	0	0	0	0	1	0	0	1
MAP3K3	0	0	0	0	0	0	0	1	0	0	0
F2RL2	1	1	0	0	0	0	0	1	0	0	1
PTPRA	0	0	0	0	0	0	0	0	0	0	1
SMARCC2	0	0	0	0	0	0	0	1	0	0	0
COL1A2	0	0	0	0	0	0	0	0	0	0	1
DACT2	0	0	0	0	0	0	0	1	0	0	0
RELA	0	0	0	0	0	0	1	1	1	0	0
ADCY4	0	0	0	0	0	0	0	1	0	0	0
LPAR1	0	1	0	1	0	0	0	1	0	0	1
MFGE8	0	0	0	0	0	0	0	0	0	0	1
SUV39H1	0	0	0	0	0	0	0	1	0	0	0
PLG	0	1	0	1	0	0	1	0	1	0	1
WWP1	0	0	0	0	0	0	0	1	0	0	0
IL5RA	0	0	0	1	0	0	1	1	0	0	0
PAK2	0	0	0	0	0	0	0	1	0	0	1
PSENEN	0	0	0	0	0	0	1	1	0	0	0
USP7	0	0	0	0	0	0	0	1	0	0	0
RAB4A	0	0	0	0	0	0	0	1	0	0	0
CXCL11	0	0	0	1	0	0	0	1	0	0	1
PF4	0	0	0	1	0	0	0	1	0	0	1
PRC1	0	0	0	1	0	0	0	0	0	0	0
SIRT1	0	0	0	0	0	0	1	1	0	0	0
SLK	0	0	0	0	0	0	1	0	0	0	0
CTRC	0	0	0	0	0	0	0	0	0	0	1
MAP3K5	0	0	0	0	0	0	0	1	0	0	0
MGAT3	0	0	0	0	0	0	0	0	0	0	1
CDC14B	0	0	0	0	0	0	0	1	0	0	0
MTA2	0	0	0	0	0	0	0	1	0	0	0
DNM2	0	0	0	0	0	0	0	1	0	0	1
PRKCE	0	1	0	1	1	0	1	1	0	0	1
RB1CC1	0	0	0	0	0	0	0	1	0	0	0
CD3E	0	0	0	0	1	0	1	1	0	0	1
TNKS	0	0	0	0	0	1	0	0	0	0	0
MAL/TIRAP	0	0	0	0	0	0	0	1	0	0	0
MEF2C	0	0	0	0	0	0	1	1	0	0	0
MAP3K14	0	0	0	0	0	0	0	1	0	0	0
KAT5	0	0	1	0	0	0	0	1	0	0	0
VAV2	1	0	0	1	1	0	1	1	0	0	1
RAD9A	0	0	1	0	0	0	0	1	1	0	0
FANCF	0	0	1	0	0	0	0	0	0	0	0
SMC3	0	0	0	0	0	0	0	1	0	0	0
KLHL9	0	0	0	0	0	0	0	1	0	0	0
KLHL13	0	0	0	0	0	0	0	1	0	0	0
XRCC4	0	0	1	0	0	0	0	1	0	0	0
PTPN6	0	0	0	1	1	0	1	1	0	0	1
MAOB	0	0	0	0	0	0	0	1	0	0	0
SPI1	0	0	0	0	0	0	0	1	0	0	0
LRP2	0	0	0	0	1	0	0	0	0	0	0
FARP2	0	0	0	0	0	0	0	1	0	0	0
CASP2	0	0	1	0	0	0	1	1	0	0	1
EIF2AK2	0	0	0	1	0	0	0	0	0	0	0
IQGAP1	0	0	0	1	0	0	1	1	0	0	1
PARVA	0	0	0	0	0	0	1	0	0	0	0
PAK4	0	0	0	0	0	0	1	1	0	0	1
TNFRSF1A	0	0	1	1	0	0	1	1	1	0	1
RMI1	0	0	1	0	0	0	0	0	0	0	0
IGHE	0	0	0	0	0	0	0	1	0	0	1
ITGB2	0	1	0	1	1	0	0	1	0	0	1
EPHB3	0	0	0	0	0	0	0	0	0	0	1
STX1A	0	0	0	0	0	0	0	1	0	0	0
EFNB2	0	0	0	1	1	0	0	0	0	0	1
AIM1/AURKB	0	0	0	1	0	0	0	1	0	0	0
TAB2	0	0	0	0	0	0	0	1	0	0	0
GNA12	1	1	0	1	0	0	0	1	0	0	1
PLCB3	1	1	0	0	1	0	0	1	0	0	1
ADCY2	0	0	0	0	0	0	0	1	0	0	0
BRCA2	0	0	1	0	0	0	0	1	0	0	0
ITGB4	0	0	0	0	0	0	1	1	0	0	1
CXCR3	0	0	0	1	0	0	0	1	0	0	1
CTLA4	0	0	0	0	0	0	0	1	0	0	0
ADAM10	0	0	0	0	0	0	1	0	0	0	0
FCER1G	0	0	0	0	0	0	0	1	0	0	1
BATF3	0	0	0	0	0	0	0	1	0	0	0
GNA14	1	1	0	0	1	0	0	1	1	0	1
ERBB3	0	0	0	1	0	0	1	1	0	0	1
WNT3A	0	0	0	0	0	0	0	1	0	0	0
EFNA5	0	0	0	0	0	0	0	1	0	0	1
GAB2	0	0	0	1	1	0	1	1	0	0	1
FPR1	0	0	0	0	0	0	0	0	0	0	1
EDN1	0	0	0	0	0	0	0	1	0	0	0
PPIB	0	0	0	0	0	0	0	0	0	0	1
CCND3	0	0	0	1	0	0	0	1	0	0	0
VLDLR	0	0	0	1	0	0	0	1	0	0	1
CPEB1	0	0	0	0	0	0	0	1	0	0	0
WEE1	0	0	0	1	0	0	0	1	0	0	0
SORT1	0	0	0	1	0	0	1	0	1	0	1
GNA13	1	1	0	1	1	0	0	1	0	0	1
APAF1	0	0	1	0	0	0	1	1	0	0	1
ARF4	0	0	0	1	0	0	1	1	0	0	1
LIMA1	0	0	0	0	0	0	0	0	0	0	1
CDH2	0	0	0	1	0	0	1	1	0	0	1
GOLGA2	0	0	0	1	0	0	0	0	0	0	0
CAMK2D	0	0	0	0	1	0	1	1	1	0	0
NBN	0	0	1	0	0	0	0	1	0	0	0
FCAMR	0	0	0	1	0	0	0	1	0	0	0
CD8A/MAL	0	0	0	0	1	0	1	1	0	0	0
IL23R	0	1	0	1	0	0	0	1	0	0	0
PARVB	0	0	0	0	0	0	0	0	0	0	1
CYBA	0	0	0	0	0	0	0	1	0	0	0
CCM2	0	0	0	0	0	0	0	1	0	0	0
CXCL9	0	0	0	1	0	0	0	1	0	0	1
IHH	0	0	0	0	1	0	0	1	0	0	0
MAP2K6	0	0	0	1	0	0	1	1	0	0	1
CD14	0	0	0	0	0	0	1	1	0	0	0
LAMA5	0	0	0	0	0	0	0	0	0	0	1
VEGFA	1	0	0	1	0	0	0	1	0	0	1
RPS6KA3	0	0	0	0	0	0	1	1	0	0	0
ARHGEF1	1	1	0	1	0	0	0	1	0	0	1
GIPC1	0	0	0	0	0	0	0	1	0	0	1
TGFBR3	0	0	0	0	0	0	0	1	0	0	0
SLA	0	0	0	0	0	0	0	0	0	0	1
FGA	0	0	0	0	0	0	0	0	0	0	1
HEY1	0	0	0	0	0	0	0	1	0	0	0
IKZF3	0	0	0	1	1	0	1	0	0	0	0
TLR3	0	0	0	0	0	0	0	1	0	0	0
RFC1	0	0	0	1	0	0	0	0	0	0	0
FCER1A	0	0	0	0	0	0	0	1	0	0	1
HRAS	0	0	0	1	1	0	1	1	0	0	1
NCK1	0	0	0	0	0	0	0	1	1	0	1
RDX	0	0	0	0	0	0	0	0	0	0	1
AKAP13	1	1	0	0	0	0	0	1	0	0	1
SDC3	0	0	0	0	0	0	0	1	0	1	1
ENAH	0	0	0	0	0	0	0	1	0	0	1
DYNC1H1	0	0	0	0	0	0	0	1	0	0	0
NFATC1	0	0	0	0	0	0	1	1	0	0	0
RPS6KA1	0	0	0	0	0	0	1	0	0	0	0
MAP4K5	0	0	0	0	0	0	0	1	0	0	0
NCAN	0	0	0	0	0	0	0	0	0	0	1
MAP2K1	0	0	0	1	1	0	1	1	0	0	1
DES	0	0	0	1	0	0	0	0	0	0	0
AR	0	0	0	1	0	0	1	1	0	0	0
CFL1	0	0	0	0	0	0	0	0	0	0	1
AGAP2	0	0	0	0	0	0	1	0	0	0	0
CHN2	0	0	0	1	0	0	1	1	0	0	1
IGF1	1	0	0	1	0	0	1	1	0	0	0
TGM2	0	1	0	0	0	0	0	1	0	0	1
AKT1S1	0	0	0	0	0	0	0	1	0	0	0
CCNE1	0	0	0	0	0	0	0	1	0	0	0
TAB1	0	0	0	0	0	0	1	1	0	0	0
GNAL	0	0	0	0	0	0	0	1	0	0	1
E2F1	0	0	0	0	0	0	1	1	0	0	1
RPS6KB1	0	0	0	0	0	0	0	1	0	0	0
RXRA	0	0	0	0	0	0	0	1	0	0	0
ARHGEF7	0	0	0	1	0	0	0	0	0	0	1
MMP7	0	0	0	1	0	0	1	1	1	0	1
ADCY8	0	0	0	0	0	0	0	1	0	0	0
CLIP1	0	0	0	1	0	0	0	0	0	0	0
IPCEF1	0	0	0	0	0	0	0	0	1	0	0
RXRB	0	0	0	0	0	0	0	1	0	0	0
ESR1	1	0	0	0	0	0	1	1	0	0	1
SIRT2	0	0	0	0	0	0	0	1	0	0	0
TXN	0	0	0	0	0	0	0	1	0	0	0
CSNK1A1	0	0	0	0	0	0	0	1	0	0	0
NTN1	0	0	0	0	0	0	1	0	0	0	1
DIAPH1	0	0	0	0	0	0	0	1	0	0	1
SAP30	0	0	0	0	0	0	0	1	1	0	0
SNCA	0	0	0	0	0	0	1	1	0	0	0
OMG	0	0	0	0	0	0	1	0	0	0	1
BRSK1	0	0	0	0	0	0	0	1	0	0	1
CASP10	0	0	1	0	0	0	1	1	0	0	1
WNT1	0	0	0	0	0	0	0	1	0	0	0
TRAF6	0	0	0	1	1	0	1	1	1	0	1
RASGRF1	0	0	0	0	0	0	0	1	0	0	1
EPHB4	0	0	0	1	0	0	0	0	0	0	1
PLXND1	0	0	0	0	0	0	0	1	0	0	1
EXOC6	0	0	0	0	0	0	0	0	0	0	1
GAB1	1	0	0	0	0	0	1	1	0	0	1
HSPD1	0	0	0	0	0	0	1	1	0	0	1
ELMO2	0	0	0	0	0	0	0	0	0	0	1
GATAD2A	0	0	0	0	0	0	0	1	0	0	0
RANBP9	0	0	0	0	0	0	1	1	0	0	0
CREBBP	0	0	0	1	0	0	0	1	0	0	0
TEK	1	0	0	0	0	0	1	1	0	0	1
MAPK11	0	1	0	1	1	0	1	1	0	0	1
TGFBR2	1	0	0	1	0	0	1	1	0	0	0
INPP5D	0	0	0	1	0	0	1	1	1	0	0
FGFR1/FLG	0	0	0	1	0	0	1	1	0	0	1
LY96	0	1	0	0	0	0	1	1	0	0	1
RASGRP2	0	0	0	0	0	0	0	1	0	0	0
NGEF	0	0	0	0	0	0	0	1	0	0	1
RGS3	0	0	0	0	0	0	0	0	0	0	1
GDNF	0	0	0	0	0	0	0	1	0	0	1
AGRP	0	0	0	0	0	0	0	0	0	1	0
GNA11	1	1	0	0	0	0	0	1	1	0	1
C17orf70	0	0	1	0	0	0	0	0	0	0	0
FOS	0	0	0	1	0	0	1	1	0	0	0
SOCS1	0	0	0	1	1	0	1	1	0	0	1
HLA-DRB1	0	0	0	0	0	0	0	1	0	0	1
FPR3	0	0	0	0	0	0	0	0	0	0	1
ZAK	0	0	0	0	0	0	0	1	0	0	0
HHIP	0	0	0	0	0	0	0	1	0	0	0
SMARCA4	0	0	0	0	0	0	0	1	0	0	0
NDEL1	0	0	0	0	0	0	0	1	0	0	0
ACTR3	0	0	0	0	0	0	0	1	0	0	1
TAF12/TAF15	0	0	0	0	0	0	0	1	0	0	0
XRCC3	0	0	1	0	0	0	0	0	0	0	0
BLK	1	0	0	0	0	0	0	1	0	0	1
ITGA2B	0	0	0	0	0	0	0	0	1	0	1
BIRC3	0	0	1	1	0	0	1	1	1	0	1
GLI1	0	0	0	0	0	0	0	1	0	0	0
HBEGF	0	0	0	1	0	0	1	1	0	0	1
RUVBL1	0	0	0	0	0	0	0	1	0	0	0
CXCR1	0	0	0	0	1	0	0	1	0	0	1
SLA2	0	0	0	0	0	0	0	1	0	0	0
CEBPB	0	0	0	0	0	0	0	0	1	0	0
H2AFX	0	0	1	0	0	0	0	1	0	0	0
TNFRSF13B	0	0	0	0	0	0	0	1	0	0	0
CDH1	0	0	0	0	0	0	1	1	0	0	1
ROCK2	1	1	0	1	0	0	0	1	0	0	1
LRP5	0	0	0	0	0	0	0	1	0	0	0
PRR5/PRR5-ARHGAP8	0	0	0	0	0	0	0	1	0	0	0
GIT1	0	0	0	1	0	0	0	1	1	0	1
ARF5	0	0	0	0	0	0	0	0	0	0	1
CDC25A	0	0	1	0	0	0	0	1	0	0	0
CDK1	0	0	0	1	0	0	0	1	0	0	0
DEPTOR	0	0	0	0	0	0	0	1	0	0	0
EPHA6	0	0	0	0	0	0	0	1	0	0	1
APLF	0	0	1	0	0	0	0	1	0	0	0
NCF2	0	0	0	0	0	0	0	1	0	0	0
SYT1	0	0	0	0	0	0	0	1	0	0	0
IL12A	0	0	0	1	1	0	1	1	0	0	0
NCOR1	0	0	0	0	0	0	0	1	0	0	0
ERBB2	0	0	0	1	0	0	1	1	0	0	1
TRPC6	1	1	0	0	0	0	0	1	0	0	1
IL4	0	0	0	1	1	0	1	1	0	0	0
HDAC5	0	0	0	0	0	0	0	1	0	0	0
NUMA1	0	0	0	0	0	0	1	0	0	0	0
GLI2	0	0	0	0	0	0	0	1	0	0	0
AJUBA	0	0	0	0	0	0	0	1	0	0	1
PPAP2A	0	0	0	0	0	0	0	1	0	0	0
RHEB	0	0	0	0	0	0	0	1	0	0	0
IL18R1	0	0	0	0	0	0	0	1	0	0	0
SHH	0	0	0	0	1	0	0	1	0	0	0
APPBP2	0	0	0	1	0	0	0	0	0	0	0
ADCY7	0	0	0	0	0	0	0	1	0	0	0
COL1A1	0	0	0	0	0	0	0	0	0	0	1
GRAP2	0	0	0	0	0	0	1	1	0	0	1
MAPKAPK2	0	0	0	0	0	0	1	1	0	0	1
CXCR2	0	0	0	0	0	0	0	1	0	0	1
MAPK8IP1	0	0	0	0	0	0	0	1	0	0	0
XIAP	0	0	1	0	0	0	1	1	0	0	1
NFATC3	0	0	0	0	0	0	0	1	0	0	0
CABIN1	0	0	0	0	0	0	1	0	0	0	0
YWHAE	0	0	0	1	0	0	1	1	1	0	1
ASAH1	0	0	0	1	0	0	1	1	1	0	0
IL12B	0	1	0	1	1	0	1	1	0	0	0
LAT2	0	0	0	0	0	0	0	1	0	0	1
IFNGR1	0	0	0	0	1	0	1	1	1	0	0
VPS4A	0	0	0	0	0	0	0	1	0	0	0
ARPC2	0	0	0	0	0	0	0	1	0	0	1
NFYA	0	0	1	0	0	0	0	0	0	0	0
TJP1	0	0	0	0	0	0	0	1	0	0	1
ABL1	0	0	0	0	0	0	1	1	0	0	1
BDNF	0	0	0	0	0	0	1	1	0	0	1
IL6	0	1	0	1	1	0	1	1	1	0	0
SDC4	1	0	0	0	0	0	0	1	0	0	1
MYB	0	0	0	0	0	0	1	0	0	0	0
TUBA1B	0	0	0	0	0	0	0	1	0	0	0
CCND2	0	0	0	1	0	0	0	1	0	0	0
EGFR	0	0	0	1	0	0	1	1	1	0	1
FAM175A	0	0	0	0	0	0	0	1	0	0	0
KITLG	0	0	0	1	0	0	0	1	0	0	1
MAPK12	0	0	0	0	0	0	0	1	0	0	0
SREBF1	0	0	0	0	0	0	0	1	0	0	0
RASA1	0	0	0	1	1	0	1	1	1	0	1
PTPRJ	0	0	0	0	0	0	0	0	0	0	1
GRB7	0	0	0	0	0	0	0	0	0	0	1
FKBP8	0	0	0	0	0	0	1	1	0	0	0
NHEJ1	0	0	1	0	0	0	0	1	0	0	0
NCOA2	0	0	0	1	0	0	0	1	0	0	0
CD40	0	0	0	1	1	0	0	1	0	0	0
STAT1	0	0	0	1	1	0	1	1	1	0	1
CTHRC1	0	0	0	0	0	0	0	1	0	0	0
APTX	0	0	1	0	0	0	0	1	0	0	0
GPLD1	0	0	0	0	0	0	0	0	0	0	1
FZD2	0	0	0	0	0	0	0	1	0	0	1
NME1	0	0	0	0	0	0	0	1	0	0	1
NCOA3/RAC3/TRAM1	0	0	0	0	0	0	0	1	0	0	0
RTN4R	0	0	0	0	0	0	1	0	0	0	1
ATRIP	0	0	1	0	0	0	0	1	1	0	0
MXD1	0	0	0	0	0	0	0	0	1	0	0
RRAGA	0	0	0	0	0	0	0	1	0	0	0
RFFL	0	0	0	0	0	0	0	1	0	0	0
MARK2	0	0	0	0	0	0	0	1	0	0	1
DAPP1	0	0	0	0	0	0	0	1	0	0	0
SMARCD3	0	0	0	0	0	0	0	1	0	0	0
FAS	0	0	1	1	0	0	1	1	0	0	1
SMARCD1	0	0	0	0	0	0	0	1	0	0	0
KLRG1/MAFA	0	0	0	0	0	0	0	1	0	0	0
DIABLO	0	0	1	0	0	0	1	1	0	0	1
EDNRB	0	0	0	0	0	0	0	1	0	0	0
PALB2	0	0	1	0	0	0	0	0	0	0	0
FBXO8	0	0	0	0	0	0	0	0	1	0	0
SHC2	0	0	0	0	0	0	1	1	0	0	1
SIK1	0	0	0	0	0	0	1	1	0	0	0
GPC2	0	0	0	0	0	0	0	0	0	0	1
F2R	1	1	0	0	0	0	0	1	0	0	1
SHC3	0	0	0	0	0	0	1	1	0	0	1
ANGPTL3	0	0	0	0	0	0	0	0	0	0	1
PARK2	0	0	0	0	0	0	0	1	0	0	0
CDKN1B	0	0	0	0	0	0	1	1	1	0	0
SDCBP	0	0	0	1	0	0	0	0	0	0	1
FYN	1	0	0	0	1	0	1	1	0	0	1
ADRBK2	0	1	0	0	0	0	0	1	0	0	1
RIPK1	0	0	1	1	0	0	1	1	1	0	1
SERPINE1	0	0	0	1	0	0	0	0	0	0	1
PIAS4	0	0	0	0	0	0	0	1	0	0	0
ROR2	0	0	0	0	0	0	0	1	0	0	1
HPSE	0	0	0	0	0	0	0	1	0	0	1
RBBP7	0	0	0	0	0	0	0	1	1	0	0
YWHAG	0	0	0	1	0	0	1	1	1	0	1
CHRNA1	0	0	0	0	0	0	0	1	0	0	0
IL27	0	1	0	1	1	0	0	1	0	0	0
RAP1A	0	0	0	0	0	0	1	1	0	0	1
FOXA1	0	0	0	0	0	0	0	1	0	0	0
PTPN13	1	0	0	0	0	0	0	1	0	0	1
ID1	0	0	0	0	0	0	0	0	0	0	1
CSF2RB	0	0	0	1	0	0	1	1	0	0	0
SUPT7L	0	0	0	0	0	0	0	1	0	0	0
PRR3/PVRL3	0	0	0	0	0	0	0	1	0	0	0
F2RL3	0	1	0	0	0	0	0	1	0	0	1
WASF2	0	0	0	0	0	0	0	1	0	0	1
ARHGEF2	0	0	0	0	0	0	0	1	0	0	0
PPP3CA	0	0	0	0	0	0	0	1	0	0	0
NFYC	0	0	1	0	0	0	0	0	0	0	0
PSEN1	0	0	0	0	0	0	1	1	0	0	0
PTEN/TEP1	0	0	0	0	0	0	1	1	0	0	1
FKBP4	0	0	0	0	0	0	1	1	0	0	0
PARVG	0	0	0	0	0	0	0	0	0	0	1
MST4	0	0	0	0	0	0	0	0	0	0	1
SFN	0	0	0	1	0	0	1	1	1	0	1
TGFBRAP1	0	0	0	0	0	0	0	1	0	0	0
RARA	0	0	0	0	0	0	0	1	0	0	0
LRP6	0	0	0	0	0	0	0	1	0	0	0
MLLT4/MLLT4-AS1	0	0	0	0	0	0	0	1	0	0	1
CDK11B	0	0	0	1	0	0	0	0	0	0	0
DOCK7	0	0	0	0	0	0	0	0	0	0	1
FGB	0	0	0	0	0	0	0	0	0	0	1
CDH5	1	0	0	0	0	0	0	0	0	0	1
CISH	0	0	0	1	1	0	1	0	0	0	1
SYK	0	1	0	1	0	0	1	1	0	0	1
TDGF1	0	0	0	0	0	0	0	1	0	0	0
KRAS	0	0	0	1	1	0	1	1	0	0	1
PIN1	0	0	0	0	0	0	0	1	0	0	0
SEMA4A	0	0	0	0	0	0	0	1	0	0	1
ANTXR1/ATR	0	1	0	0	0	0	1	1	0	0	0
PARD6A	0	0	0	0	0	0	0	1	0	0	1
DDX5	0	0	0	0	0	0	0	1	0	0	0
GOSR2	0	0	0	0	0	0	0	1	0	0	0
MAPK10	0	0	0	0	0	0	1	0	0	0	1
HDAC7/HDAC9	0	0	0	0	0	0	0	1	0	0	0
CHD3	0	0	0	0	0	0	0	1	0	0	0
BEX1	0	0	0	1	0	0	0	0	1	0	1
CDK5	0	0	0	0	0	0	0	1	0	0	1
DAGLA	0	0	0	0	0	0	0	0	0	0	1
MYOD1	0	0	0	0	0	0	0	1	0	0	0
APC	0	0	0	0	0	0	0	1	0	0	1
BUB1B	0	0	0	0	0	0	0	1	0	0	0
CYLD	0	0	0	0	0	0	0	1	0	0	0
NFATC2	0	0	0	0	0	0	0	1	0	0	0
ARHGEF15	0	0	0	0	0	0	0	1	0	0	1
MCF2L	0	0	0	0	0	0	0	1	0	0	1
AKT1	1	0	0	1	0	0	1	1	1	0	1
BAMBI	0	0	0	0	0	0	0	1	0	0	0
CD8B	0	0	0	0	1	0	1	1	0	0	0
FES	1	0	0	1	1	0	1	1	0	0	1
EPOR	0	0	0	1	0	0	0	1	0	0	0
IRS1	1	0	0	1	0	0	1	1	1	0	1
CD3D	0	0	0	0	1	0	1	1	0	0	1
PTGIR	0	1	0	0	0	0	0	1	0	0	1
FYB	0	0	0	0	0	0	0	1	0	0	0
USP1	0	0	1	0	0	0	0	0	0	0	0
JAM3	0	0	0	0	0	0	0	0	0	0	1
YWHAH	0	0	0	1	0	0	1	1	1	0	1
EPHA4	0	0	0	0	0	0	0	1	0	0	1
ORAI1	0	0	0	0	0	0	0	1	0	0	0
TSHR	0	0	0	0	0	0	0	0	1	0	0
LPA	0	1	0	0	0	0	0	0	0	0	0
XRCC6	0	0	1	0	0	0	1	1	0	0	0
RPS6	0	0	0	0	0	0	1	1	0	0	0
CUL1	0	0	0	0	0	0	0	1	0	0	0
ULK1	0	0	0	0	0	0	0	1	0	0	0
SGK1	0	0	0	0	0	0	1	0	0	0	0
BCAR1	0	0	0	0	0	0	1	1	0	0	1
ADCY9	0	0	0	0	0	0	0	1	0	0	0
BCL2L1	0	0	1	0	0	0	1	1	1	0	1
RIPK2	0	0	0	1	1	0	1	1	1	0	1
RFC3	0	0	1	0	0	0	0	1	1	0	0
CD2AP	0	0	0	0	0	0	1	1	0	0	1
MBD3	0	0	0	0	0	0	0	1	0	0	0
ITGB7	0	0	0	0	0	0	0	1	0	0	1
RANBP10	0	0	0	0	0	0	1	1	0	0	0
ITGA9	0	0	0	0	0	0	0	0	0	0	1
KIF13B	0	0	0	0	0	0	0	0	1	0	0
PIK3CG	0	0	0	0	0	0	0	1	0	0	1
NF2	0	0	0	1	0	0	0	0	0	0	0
CXCR4	0	0	0	1	1	0	0	1	0	0	1
SLC2A4	0	0	0	0	0	0	0	0	0	1	0
TAF10	0	0	0	0	0	0	0	1	0	0	0
PCNA	0	0	1	0	0	0	0	0	0	0	0
NEDD4L	0	0	0	0	0	0	0	1	0	0	1
BORA	0	0	0	1	0	0	0	1	0	0	0
IL18RAP	0	0	0	0	0	0	0	1	0	0	0
MMP1	0	0	0	0	0	0	0	1	0	0	1
EPAS1	0	0	0	0	0	0	1	0	0	0	0
PMP22	0	0	0	0	0	0	0	1	0	0	0
PRMT5	0	0	0	0	0	0	0	1	0	0	0
DCC	0	0	0	0	0	0	1	0	0	0	1
FZD5	0	0	0	0	0	0	0	1	0	0	0
L1CAM/VCAM1	0	0	0	0	0	0	0	1	0	0	1
TP53BP1	0	0	1	0	0	0	0	1	0	0	0
PIDD	0	0	1	0	0	0	1	1	0	0	1
WASF1	0	0	0	0	0	0	0	0	0	0	1
AATF	0	0	0	0	0	0	0	1	0	0	0
EFNA1	1	0	0	0	1	0	0	1	1	0	1
HDAC10	0	0	0	0	0	0	0	1	0	0	0
EIF4E	0	0	0	0	0	0	0	1	0	0	0
TERF1	0	0	0	0	0	1	0	0	0	0	0
PPP3CC	0	0	0	0	0	0	0	1	0	0	0
KAT2B	0	0	0	1	0	0	0	1	0	0	0
EXOC7	0	0	0	0	0	0	0	1	0	0	1
IL13RA1	0	0	0	1	1	0	0	0	0	0	0
CBL	0	0	0	1	1	0	0	1	0	0	1
IL2	0	0	0	1	1	0	1	1	0	0	1
FZD10	0	0	0	0	0	0	0	1	0	0	0
WIPF1	0	0	0	0	0	0	0	1	0	0	0
MDM4	0	0	0	0	0	0	0	1	0	0	0
ACAP1	0	0	0	0	0	0	0	0	1	0	0
LAT	0	0	0	0	0	0	1	1	0	0	1
NFKB1	0	0	0	0	0	0	1	1	1	0	0
NGFR	0	0	0	1	0	0	1	1	1	0	1
PRL	0	0	0	0	0	0	0	1	0	0	0
ZNF274	0	0	0	0	0	0	1	0	0	0	0
PTPRO	0	0	0	0	0	0	0	1	0	0	0
SOS1	0	0	0	1	1	0	1	1	1	0	1
DICER1	0	0	0	0	0	0	0	0	0	0	1
RAB5A	0	0	0	1	1	0	1	1	0	0	1
